Violet,Blue,Green,Yellow,Orange,Red,Label
623.2254753,660.9748341,2766.697704,4157.942288,4598.530394,4958.3265,1
691.5013994,614.9774621,2586.928227,4089.56469,4447.71092,4935.420153,0
604.7534194,699.1914843,2562.029245,4082.209187,4473.815163,5002.415948,0
602.7993295,560.0262642,2778.119242,3926.331528,4466.199281,4868.326627,1
624.6642124,631.4349185,2734.260355,4056.564714,4765.974967,4602.978386,0
641.6765702,592.04393,2679.430095,3910.942457,4331.843252,4726.017754,0
609.837853,575.5066939,2611.34914,3911.928487,4654.620477,4948.938952,0
617.406086,559.3227914,2621.997826,4038.918878,4401.33715,5108.684923,0
659.7940369,553.4520306,2769.827931,4035.883835,4329.013088,4574.388564,0
699.8425292,679.9491106,2684.561739,3908.083345,4461.261318,4824.643364,0
609.9017233,635.6482216,2597.762528,4035.147701,4588.921898,4552.391015,0
605.7342669,595.1434653,2656.516375,4068.564071,4420.777385,5138.904114,0
682.573427,616.6818826,2794.618769,4073.480268,4417.211748,5067.41331,1
645.1274165,587.4953754,2786.63126,3942.795104,4556.281692,5180.347596,1
664.8320621,642.2006505,2640.895112,4073.334209,4755.656614,4763.354198,0
622.8764773,613.5287307,2582.078866,4033.369753,4613.757523,4874.248877,0
638.544216,681.0175149,2590.10462,4020.008915,4558.861757,4543.2773,0
623.1367221,567.7728987,2529.634011,4167.082637,4316.694539,5087.324494,0
650.7266725,567.0574662,2647.133697,4079.832516,4345.108067,5184.756824,0
665.3018773,619.169819,2759.127433,3978.848722,4711.981471,4730.282714,0
694.1300531,586.6162107,2787.13305,4053.247489,4582.28993,5195.601292,1
677.098394,597.0702881,2517.361787,3913.222138,4706.471985,4788.451294,0
638.4163169,628.4689799,2767.64469,4021.776192,4602.194448,4566.36249,0
633.5981278,571.7262758,2573.464159,4013.691498,4435.159806,4650.91951,0
663.3731111,669.9573355,2562.554208,4168.876858,4672.854735,4875.470065,0
696.9965194,634.7324755,2565.30697,4157.328986,4730.999659,4719.311536,0
632.6984211,676.0020106,2647.759836,3915.570745,4689.009184,4798.67067,0
627.9961881,600.0262018,2610.081986,4138.437723,4319.345393,5008.668535,0
687.2684459,592.8722174,2697.054778,3969.565988,4610.976971,4552.586637,0
696.6755875,641.4954935,2615.114554,3909.170932,4728.782793,4922.48023,0
684.7840405,625.692437,2502.373251,4175.721953,4505.352398,5012.656023,0
615.1105279,672.2849915,2772.88076,4133.382738,4678.561568,4783.638266,0
670.190108,634.8191406,2675.420906,4003.47438,4652.11662,4612.604575,0
600.1513933,634.3001278,2663.945237,4065.248329,4647.26838,5149.245864,0
694.4210309,685.4894994,2681.231886,4177.862927,4358.473129,4738.561056,0
603.6730444,630.7554776,2721.16864,3954.366751,4513.123331,4568.71757,0
630.3221567,667.0183918,2661.088125,4130.72143,4619.471823,5125.203772,0
606.0690387,576.3657319,2624.899558,4121.937552,4746.477396,4518.097315,0
613.7563028,613.6131149,2729.370035,4057.331156,4677.240679,4618.85891,0
667.2727006,642.7979114,2502.053827,4122.067657,4795.867739,4589.72695,0
636.058276,578.6609898,2714.319298,3953.360103,4793.424375,4511.899391,0
603.979647,670.6495798,2757.937686,4069.875758,4677.05634,4863.660336,1
658.5904472,578.6099539,2651.032439,3915.27439,4328.047872,4734.63818,0
663.0904757,683.7966723,2702.018988,4105.580112,4647.872397,5059.882003,1
666.0605167,627.9904893,2599.520923,4180.251814,4423.238474,4857.84446,0
674.0317886,588.1252799,2753.675428,4061.446327,4755.068067,4745.494487,0
693.5324883,689.1579189,2676.310108,3930.52864,4483.43797,4693.091874,0
626.6097501,583.9807974,2500.396234,4167.902211,4526.748754,4904.894704,0
631.5605539,699.1025313,2795.167865,4189.364367,4633.13262,5008.310723,1
633.4042555,628.415915,2582.00631,4115.513709,4689.008778,4556.744954,0
622.158014,580.5939241,2687.229792,4117.561535,4717.182094,4513.226767,0
620.2117632,620.3639443,2613.518554,4002.11812,4331.925592,5032.935154,0
640.2662086,651.1434574,2665.322698,3915.43715,4453.747969,5175.811337,0
693.147515,606.704009,2685.301058,4068.760017,4715.280355,5170.389117,0
607.5505653,683.2036595,2668.734187,3958.306538,4410.726395,4994.034135,0
659.6761436,637.944411,2790.548244,4074.523028,4349.900146,4616.621975,0
610.2093795,571.9370657,2701.46943,4091.955955,4486.217726,4614.011076,0
638.9518808,669.996485,2619.93811,4126.535725,4447.605206,4948.004137,0
688.5117154,581.4464984,2644.106946,3933.896268,4366.18482,4544.80158,0
607.9297395,644.0431246,2623.40019,4091.576906,4728.278481,5034.502523,0
697.6160296,667.2305868,2780.674961,4121.74565,4426.809884,5003.475199,1
669.3512616,665.9978426,2724.165126,3995.5151,4555.215479,5041.146534,1
657.2815526,693.0775503,2551.471691,4172.170529,4676.109711,4700.322662,0
662.7410343,619.4241885,2538.831774,4064.815399,4784.754662,4809.498343,0
659.096393,566.6455371,2559.955687,3948.889231,4318.438714,4690.907265,0
623.013359,603.7817033,2540.30281,4199.578379,4556.760427,4771.492413,0
624.9852758,604.712864,2619.717262,4177.890228,4547.736465,4926.430903,0
600.4808464,638.1593147,2733.238727,4097.154955,4564.157347,5078.041213,1
696.2433769,597.0604685,2739.125517,3985.552739,4307.447438,4565.904828,0
632.8723021,595.8349483,2505.40664,3948.662223,4521.994732,5036.739021,0
668.1255935,657.1805092,2637.934263,4175.780522,4794.47171,5152.820781,0
646.1523347,685.7383254,2615.935496,4080.904966,4580.159504,5092.087829,0
628.4804955,649.4977747,2680.677453,4096.938884,4454.967043,4732.150665,0
618.8197329,565.1025111,2585.969186,4006.447866,4567.880849,5193.583085,0
602.8178083,656.4298023,2771.547105,4159.748814,4359.584661,5168.692641,1
644.0900791,681.3640326,2759.485493,4006.545173,4615.573224,5105.184475,1
602.0991735,561.5230382,2613.014328,3944.758099,4317.048448,5047.574795,0
632.7245076,672.6214495,2552.085715,4102.83532,4737.80024,5030.008831,0
622.9625715,603.8415429,2608.949228,3980.232933,4468.651381,4560.872454,0
645.1559652,618.1996042,2508.710653,4091.130562,4329.729393,4618.43728,0
668.4679742,633.1850969,2501.81075,3986.425546,4488.305782,4602.545123,0
607.4533615,619.1114314,2611.118314,4147.367256,4568.767828,5072.261258,0
646.0380827,552.1050722,2501.494962,3949.868035,4482.969419,5002.747334,0
615.9423637,591.8157206,2693.481534,3986.161245,4460.965446,4608.791756,0
638.7663141,684.3599701,2766.33006,4018.083998,4637.728871,4676.549936,0
694.9987708,643.702326,2562.084382,3932.896548,4582.924805,4692.033377,0
607.116526,573.767395,2514.856089,4104.265124,4690.877906,5065.155637,0
626.5053593,684.3849096,2682.395826,3904.320252,4472.014374,4873.565315,0
662.7762577,617.0105951,2743.331693,3943.448397,4787.414688,5083.632046,1
634.0101161,642.4358599,2591.126851,3926.76563,4560.762902,5077.704073,0
676.3926622,692.1458962,2600.064182,4016.921515,4375.20644,4733.593094,0
655.3678828,632.5440917,2548.126313,3935.126841,4499.275217,5081.968103,0
618.5001205,625.1178636,2537.894344,4159.388536,4683.322844,4895.047475,0
638.9569372,623.5206495,2766.071229,4171.514484,4549.194478,4870.458865,1
690.9700719,636.789767,2732.735531,4098.418389,4534.828619,4653.837334,0
660.2589739,577.6388495,2559.252915,4158.597644,4362.824626,4951.906179,0
643.731821,641.8907601,2721.244724,3990.983834,4321.483857,5084.855271,1
636.930818,649.200896,2768.715975,3982.22972,4798.949239,5084.047367,1
679.1343687,648.4919062,2663.101906,4016.004399,4711.116044,4916.73416,0
678.1641321,698.1511834,2736.47614,4155.876266,4542.806415,5111.629251,1
633.3847083,580.7975168,2648.30712,3909.362688,4713.787207,4684.980206,0
667.7499332,669.0796504,2704.553159,4095.227771,4418.670864,4834.182435,1
693.6419265,586.1655267,2562.734164,3981.741608,4687.90871,4731.98799,0
660.3074701,577.6022296,2526.237655,3992.674614,4415.439202,5136.430936,0
693.6884346,554.7818261,2678.094113,3913.145257,4512.451422,4865.106895,0
684.0339421,643.7544519,2576.561404,4171.407371,4683.650301,4893.865851,0
689.7153534,605.2119114,2601.319302,4085.656607,4343.44772,4762.848272,0
618.7381067,671.5790035,2716.974459,4102.402214,4756.990709,5074.672628,1
654.8724636,552.3312391,2528.405907,4054.427487,4776.241319,5090.142837,0
693.5012246,696.0119628,2611.757917,3996.270207,4691.62395,4648.5552,0
695.9152206,689.5349304,2609.718846,4003.473717,4646.340814,5001.622705,0
680.0343496,639.0505716,2529.152504,4067.85275,4321.54498,5030.342205,0
665.9647529,639.9188981,2568.098425,4114.114308,4662.251207,4740.952579,0
603.2750826,676.5423772,2731.090034,4052.893991,4653.481639,5053.821735,1
633.0669018,687.0512713,2673.011489,3986.372782,4433.43243,5123.124725,0
636.610119,572.5023081,2783.898271,4095.250594,4791.107284,4635.683586,0
682.8742595,624.0703134,2677.233561,3913.467172,4582.229076,4943.481012,0
649.8099763,558.9435443,2654.548955,3915.958482,4721.81596,4916.270947,0
669.1018831,647.0840158,2687.031951,4186.157496,4388.471996,4832.433637,0
684.2403609,624.5445183,2728.721418,3953.963177,4645.811029,5140.097398,1
616.2657425,614.214418,2512.55556,3967.723877,4633.075183,5109.941418,0
634.4728344,554.0877346,2771.5848,4041.318674,4755.232009,4729.585842,0
669.1103543,552.6171971,2653.704055,3999.544103,4468.056224,5167.341923,0
675.050541,600.0886344,2689.849825,4024.663713,4588.249899,5171.65037,0
661.5848229,572.5866845,2751.481209,4117.849626,4354.4231,4612.946078,0
629.701029,613.5373658,2658.524325,3982.529212,4713.97804,5054.949315,0
627.3747993,642.35416,2530.465217,4100.988965,4473.698299,4968.646922,0
629.5302241,652.0641951,2618.13192,4017.545499,4403.48165,5007.164215,0
681.930536,688.9707456,2654.235998,3957.942986,4601.450454,4638.726132,0
641.0392575,677.9612221,2628.724537,4177.697574,4486.538859,4988.772458,0
658.8625421,565.1299215,2623.7185,4177.412468,4327.775237,4768.833282,0
624.0640116,584.171291,2607.136116,4177.230768,4551.249173,5062.266348,0
635.0272035,618.8023766,2785.328999,3939.895013,4335.15362,4994.257009,1
693.1702776,566.3351371,2695.509053,3943.818642,4646.981464,4937.929536,0
604.3723399,669.688574,2795.86321,4031.023446,4472.374427,4534.164283,0
622.5202909,637.1519378,2680.412601,3975.755521,4627.17083,4542.066917,0
694.050609,563.8795867,2600.193379,4095.314893,4551.955388,4871.647598,0
637.9123731,665.3361119,2584.75338,4094.781822,4761.091911,4731.47032,0
681.343913,668.1453393,2537.296744,3947.216264,4507.499136,4981.132959,0
665.7703905,651.9966245,2502.816003,3938.582872,4681.953191,5089.340849,0
674.6948593,691.6785199,2775.914268,3966.922287,4554.883594,5051.418136,1
652.2451914,642.6087917,2667.47221,4119.297608,4331.701058,4844.950569,0
622.9924038,600.6086623,2665.491432,4123.105702,4506.152773,4855.332833,0
612.8972373,582.2253485,2587.848892,4034.989749,4420.141058,4684.28444,0
689.1582572,637.9209743,2781.602385,4085.423963,4425.35952,4571.776217,0
654.6363901,616.3968422,2707.451841,4127.831837,4499.710593,4897.189379,1
620.5583925,691.5292916,2653.841993,3982.873981,4414.569776,5167.04989,0
668.942083,656.1809125,2697.076573,4133.690235,4590.234778,4852.261094,0
687.8731309,608.9423905,2572.790652,3984.487988,4752.385505,4991.872655,0
685.3055727,606.8025542,2689.906489,3909.467053,4760.016769,4828.822819,0
651.9903186,664.9468169,2600.86498,4087.795536,4463.451004,4717.774794,0
664.6078398,615.0537448,2530.865964,3970.84529,4785.891398,4989.228191,0
665.9450256,598.9146012,2505.946575,4071.141778,4318.167451,4685.319921,0
619.0658434,617.3949437,2730.596554,4088.380859,4457.350146,4704.430194,0
607.8237989,575.791575,2716.384104,3926.834576,4758.906101,4800.773866,1
607.9722871,635.8216171,2749.531694,4004.210341,4689.944502,4995.837461,1
659.0942359,606.5490544,2618.147507,4028.492654,4511.512804,4653.246998,0
649.6764652,555.980457,2669.44495,3914.742888,4736.140622,5102.017332,0
633.8257943,696.1045695,2786.432502,4196.586299,4378.858837,4502.042845,0
624.817996,601.9435181,2570.001614,4126.767355,4412.963841,4813.910272,0
625.9444567,601.8691771,2770.886484,3903.81026,4366.111402,4771.643858,0
684.062101,581.9899454,2780.570319,4190.940114,4487.629278,5189.40399,1
612.2085695,664.1436205,2673.808505,4086.346963,4544.95212,4654.315248,0
614.4134245,645.2763558,2740.724708,4100.892978,4535.801479,5161.13468,1
659.1480868,584.0121639,2705.153106,3996.192857,4674.459272,5198.700245,1
626.9733352,689.7804454,2708.916116,3928.577785,4422.936086,5154.260286,1
647.9784218,682.3791615,2733.789195,3905.485165,4685.380873,4980.058883,1
686.7667063,637.0764506,2687.831434,3933.344158,4406.847112,4525.458837,0
644.4544929,598.9871355,2586.188269,4048.935597,4390.852597,5153.65431,0
694.0181284,638.7194624,2500.242585,4170.901934,4641.446471,4551.695713,0
699.6384162,597.168545,2742.765951,4038.435182,4593.570734,4834.316859,1
655.2453632,576.2974809,2676.173461,3946.440459,4522.726275,4876.334996,0
646.1900115,675.1164563,2798.851693,4191.673282,4672.964686,4639.969867,0
603.6329236,578.2906099,2673.264205,4088.481703,4482.387376,4945.590607,0
689.1293458,588.0277311,2585.907801,3937.625753,4564.286886,5074.536453,0
629.977546,668.1518376,2631.103772,4065.161915,4793.057237,4982.846689,0
697.0136777,564.3948758,2769.427671,3917.532928,4361.659076,4941.50802,1
637.0104346,597.9358411,2738.708299,3990.511444,4603.730844,4823.38057,1
629.2592691,674.8628435,2671.157787,3921.152434,4433.155845,4619.612382,0
656.0307422,580.3135756,2647.710643,4118.810226,4777.498191,5033.657838,0
608.0068139,690.7369337,2792.342153,4082.133128,4778.747479,4731.455379,0
690.1215142,550.0548436,2644.984006,3944.242424,4457.496043,4619.962821,0
659.2906937,648.6412018,2604.688808,3916.108034,4323.584016,4539.100466,0
607.1511996,552.3513317,2792.103702,4120.439016,4676.192807,4523.319526,0
611.7606117,589.1954905,2768.007401,4191.618341,4797.036943,4742.750384,0
629.2302136,578.0871111,2722.944501,4115.405617,4394.447363,4803.756463,1
604.5593135,648.3210214,2734.312663,4158.870128,4692.676436,4803.444612,1
634.7821247,558.3082825,2745.832433,3931.812101,4303.037023,4692.529647,0
694.2771305,651.1388992,2615.697518,4157.083887,4637.412444,4925.667843,0
643.9425837,694.1927804,2746.871949,3903.14983,4370.808367,4837.966885,1
658.0618433,593.9483446,2631.66009,4019.479556,4368.65274,5166.933196,0
636.0044666,675.5466111,2512.400718,4027.149176,4337.818985,4719.670414,0
694.5982651,678.1755182,2552.059335,4060.765077,4447.444603,5132.010508,0
608.1387409,668.121235,2552.322548,4115.996386,4416.003331,4644.996238,0
621.613211,696.5005817,2614.554702,4090.586669,4323.28202,4662.447866,0
687.4840379,619.0213822,2500.919072,4039.482383,4712.035947,5110.3199,0
630.1074526,585.400781,2749.473479,4031.325782,4553.543653,4629.832204,0
615.1498574,686.0208441,2797.824971,4017.024432,4713.405275,5167.840378,1
689.3842059,676.1509383,2704.985247,3951.538878,4418.775653,4803.999611,1
602.5062185,590.2969889,2794.047804,3993.807736,4585.875821,4928.164252,1
690.1538065,609.4059881,2707.829997,3961.345747,4331.426393,4935.670124,1
668.8019577,594.51777,2671.468552,3994.866768,4704.748999,4755.848307,0
669.8789902,645.0138931,2789.37373,3960.239001,4599.08887,4558.592409,0
654.441471,676.9223723,2512.209499,3998.808132,4654.674831,5102.217617,0
650.0898617,699.2139378,2628.592041,3980.203576,4536.47594,4612.591732,0
615.8897812,590.2512953,2727.136019,4082.752209,4783.466516,5041.324536,1
657.2864576,617.5335256,2586.117123,4125.715978,4347.179081,4574.750025,0
673.4893629,603.1888038,2674.19008,3989.65663,4656.840471,4752.34034,0
671.8459525,699.29856,2525.110031,4040.461769,4346.901529,5007.619319,0
691.2045444,562.962165,2655.985267,4065.7893,4642.574519,4709.758348,0
660.1877716,579.7755858,2697.027225,4109.507118,4529.84019,4610.361419,0
642.1785817,639.408155,2596.699449,4149.218646,4361.342504,4675.826491,0
693.7607517,648.2812314,2725.873261,4143.257559,4324.213359,4790.296396,0
672.5489055,570.8566017,2689.767178,3974.050037,4719.986137,5085.669576,0
645.3072418,609.2138104,2788.47859,3902.453491,4499.219345,4841.440592,1
661.8136763,560.5014991,2542.806376,4096.26799,4409.159797,4583.39235,0
604.3137101,574.8337272,2653.331771,4160.180406,4683.130369,4594.465647,0
606.4920678,650.8667427,2644.662077,4048.625374,4456.741832,4726.450679,0
690.9101314,617.5504936,2724.59074,3955.575999,4342.46101,4644.920443,0
655.8915662,649.2550655,2781.763947,3912.073612,4381.82925,4806.686341,1
632.5667604,563.4898543,2743.095891,4019.867692,4627.65715,4896.790449,1
600.3121864,647.7027221,2595.129203,3979.780151,4530.224102,4936.212658,0
680.1853431,634.1746179,2507.441227,4138.062131,4436.544411,5076.037941,0
668.8554783,640.5853677,2616.085028,3919.660601,4799.296694,4962.730729,0
622.91723,563.8381863,2572.293599,4170.770899,4408.673994,4835.665927,0
690.9228263,579.0673663,2634.396282,4085.340026,4597.106516,4966.114053,0
626.7680191,613.5800775,2739.797139,4179.693849,4534.859549,4714.412371,0
643.9371832,596.0290061,2582.503892,3941.624216,4383.273734,4845.763175,0
608.6583511,689.0258363,2544.542875,3948.14376,4658.861794,4972.426124,0
635.8519543,563.5686856,2502.474414,4011.833709,4694.153569,4813.10024,0
609.9624683,670.8746707,2697.836496,4035.709228,4566.681181,4868.665316,0
662.9681059,646.9846646,2557.54922,4140.519619,4398.285495,4787.905547,0
623.5693362,590.8308157,2502.600548,4178.484246,4560.109748,4824.887926,0
652.3529729,600.5218161,2599.713684,4196.486365,4536.858451,5022.802657,0
666.9958828,669.3387999,2581.763028,3985.174539,4658.627875,4629.245983,0
683.3703359,575.4497519,2785.979703,4116.764414,4367.124201,5097.164747,1
693.1692742,634.6277,2619.646999,4032.480751,4650.84037,4682.030093,0
602.8529451,692.1947852,2798.850688,4133.844981,4794.700704,4841.28707,1
612.798266,619.6550916,2722.777147,4102.017487,4736.989754,5030.77528,1
661.7175242,591.2225835,2600.913503,4150.717063,4492.943188,4556.242594,0
686.5584371,615.3061091,2551.624262,3901.288924,4626.248415,4758.782738,0
637.6099196,616.2013691,2654.837154,3990.034385,4539.160903,4504.37282,0
617.1435896,595.5336152,2723.339369,4074.268003,4650.603592,5063.265098,1
685.1985239,567.6581434,2697.179097,4125.885442,4651.064395,4923.582918,0
603.8266625,579.2725136,2599.20451,4092.85002,4408.701964,4553.836865,0
698.0589356,581.0138443,2794.976002,4083.111304,4423.989276,4862.570551,1
671.2831054,588.9803541,2534.405802,4064.900849,4409.450883,4718.522909,0
697.3133083,596.3785736,2783.874251,4023.16856,4305.166801,4717.048298,0
615.5206838,699.112381,2635.071761,4063.565486,4431.165889,5117.778864,0
610.3061072,673.5344034,2628.152719,4176.103405,4564.006079,5109.584248,0
635.2810811,610.0228617,2679.376867,4173.455378,4366.49351,4529.517192,0
640.1038961,639.3561531,2775.903789,3988.132744,4572.519671,5047.177245,1
632.7399542,564.2894153,2632.504784,3908.723046,4637.69519,4578.113261,0
619.9640281,629.5242308,2688.207054,4012.07899,4603.226817,5092.472079,0
670.1945689,608.9310872,2671.560599,3974.932121,4663.673367,4740.330402,0
607.8634675,595.3346392,2590.120745,3906.966359,4388.057126,5102.643158,0
665.594817,678.4806402,2581.28214,4168.784334,4404.395198,5174.917726,0
641.4360088,584.4347821,2745.51106,4008.133048,4550.762034,5023.371883,1
683.1849881,609.1706473,2528.990904,3979.617484,4695.972506,5155.80252,0
656.8258588,690.7032336,2679.174518,4196.38559,4681.174251,4629.931108,0
651.6770006,646.0228143,2760.68527,4080.035511,4799.83469,4590.42341,0
629.3370644,621.5319061,2538.87473,3968.43704,4390.536022,4970.410904,0
632.578484,668.5881291,2663.804172,3969.166968,4643.381235,4534.357821,0
657.2598535,699.0643481,2608.890709,4067.616198,4763.640177,4681.913547,0
683.2475027,576.2688857,2763.952658,3983.889829,4724.738001,5064.701211,1
618.9125152,696.7838433,2576.118298,4133.563838,4705.392271,4848.567063,0
691.5723152,565.1475314,2540.747377,4157.495039,4309.323242,5009.829586,0
681.6657869,567.4330675,2646.566914,4004.234522,4686.945499,4699.700715,0
682.439671,575.9591624,2759.093039,4177.816428,4395.55187,4535.246746,0
654.8449472,551.4276848,2748.5091,4172.563321,4652.648372,4670.331219,0
658.9231591,690.8349945,2768.650604,4081.867862,4696.189162,5085.317269,1
656.0141091,550.1042656,2575.382539,4029.584579,4515.326435,5112.663127,0
606.7640949,600.9860185,2553.11862,3973.81056,4663.909745,4701.743422,0
623.7341669,570.9488523,2566.219084,4145.264011,4489.114528,4965.860653,0
693.5813288,613.9721677,2681.548011,4190.875328,4482.325476,4965.113305,0
631.4755083,682.8573757,2588.663419,3988.609824,4753.541033,4845.019211,0
620.7139651,553.8728872,2551.062681,3990.702164,4780.719805,5048.560204,0
667.3256461,676.10834,2626.256284,4111.121205,4540.64331,5074.403188,0
643.7390204,678.9960766,2502.66917,4198.809336,4437.60053,4523.461487,0
615.2099956,621.9394232,2766.652702,3985.025733,4692.063514,4619.274751,0
673.129355,586.9932751,2524.552278,4155.872624,4643.27608,5170.677433,0
698.5055605,630.2083928,2771.794135,4042.994586,4744.835626,4516.694832,0
612.8724833,661.0960307,2617.306062,4018.088538,4600.924173,4516.719831,0
638.7670983,558.5119191,2706.871169,4056.117272,4338.043229,4784.381822,0
643.0212874,648.8968412,2565.517352,3924.326598,4533.835836,5010.070202,0
661.3983836,685.0896617,2575.833809,3966.028595,4417.902496,5067.090657,0
670.2409052,681.7757286,2713.303369,4098.324072,4519.788717,4893.95552,1
699.0311323,693.5973117,2601.04548,3946.636739,4508.53956,4888.133911,0
602.9752119,680.0059408,2768.324273,4049.157115,4404.643502,5005.117992,1
669.9716103,619.1120847,2551.177914,4138.311435,4744.249819,4599.760162,0
693.9671596,550.0391283,2631.641505,3903.350331,4417.257753,4994.888942,0
669.4164365,589.7681259,2597.972085,3927.970181,4320.799676,5031.496106,0
632.4874494,628.2732719,2785.566365,4100.693525,4536.56081,4954.560512,1
666.5635914,584.5221164,2741.466902,4050.835514,4517.014857,4996.323508,1
655.5263986,588.2505684,2522.560171,4076.730714,4637.121035,4911.609389,0
653.3702257,620.8924557,2597.143359,4029.295826,4682.4489,5197.523873,0
626.5018285,668.8100502,2540.382778,3910.660845,4526.973244,4894.083945,0
623.0882795,571.7143637,2703.128749,4006.221153,4555.236153,4986.294656,1
659.5292948,625.9166133,2732.919777,4105.560823,4459.74682,5082.500018,1
666.0821562,638.0602331,2505.723529,4151.085009,4356.998932,5088.294313,
633.7496726,614.4153444,2738.133601,3942.470244,4604.050922,5151.440176,1
663.6443762,557.1655986,2709.503838,3977.132859,4645.450752,4754.22584,0
654.1884227,583.3212876,2771.646199,4012.06235,4339.408249,4521.650956,0
662.6900805,690.5494955,2595.980589,4123.552418,4444.464202,4587.047831,0
651.4080994,608.1267804,2793.582929,3987.545321,4596.171282,4899.949511,1
661.5855992,634.1371393,2583.957819,3945.55489,4666.506253,4527.788964,0
680.1622306,610.9625335,2749.003431,4191.310646,4511.241528,4537.733393,0
678.7036774,644.5115533,2652.645815,4070.305847,4454.595434,5022.995181,0
633.666085,682.5031565,2600.096776,4138.804371,4702.391914,4535.167073,0
640.2505131,694.7787464,2624.312783,3999.157071,4618.186177,5100.617759,0
678.8283984,630.7614615,2722.501134,4121.916182,4522.397303,5095.286901,1
649.453486,692.2236302,2739.336457,3939.913375,4418.884877,4589.406427,0
653.4120399,558.5045035,2640.5725,4194.806341,4641.110581,5109.630503,0
649.6210565,593.1493316,2554.905795,4188.365704,4678.130738,5165.247443,0
667.1266649,577.9081915,2586.952587,3917.462347,4322.033111,4695.691182,0
617.0469621,651.565084,2770.725378,4005.596196,4350.079258,5055.101565,1
646.8432429,653.101181,2704.923559,4026.430766,4629.671263,4943.39899,1
652.5146009,578.6922175,2653.571803,4124.499079,4509.913458,5016.235594,0
668.6467734,693.3589019,2592.371938,4002.690259,4493.516786,4518.323134,0
663.3546405,634.7876589,2609.653424,4026.43761,4531.100136,4720.107143,0
622.5661691,567.3905326,2540.189832,4183.957033,4546.216486,5023.749539,0
631.093516,551.1557927,2684.686501,4007.272002,4624.414536,5092.18406,0
610.1353212,638.2452751,2674.714657,4056.541128,4527.299915,5176.691404,0
618.2306958,633.9088193,2687.942347,3909.038999,4621.136529,5086.712792,0
639.5136017,615.6013305,2525.464833,4074.413242,4735.840988,4644.834954,0
609.4610032,578.1928299,2700.350973,4119.726272,4615.505224,4827.744308,1
631.4362331,646.2199993,2668.608069,4099.118001,4362.438522,4971.819023,0
668.0311278,689.5180216,2748.645907,3953.430106,4774.620314,4639.735994,0
621.7680662,551.2782906,2590.187974,3982.341247,4593.224225,4777.586993,0
618.6402774,608.9224598,2546.378152,4149.691336,4374.876037,4975.682166,0
675.0089983,552.2335012,2542.673949,3909.196681,4704.347756,4533.002169,0
666.6181478,618.4048653,2740.898914,4007.531672,4312.667023,4653.011709,0
671.09149,632.3381179,2760.90791,4121.650697,4351.615066,5180.00325,1
673.8712608,552.0786365,2703.7365,4045.650819,4317.359175,4580.107734,0
607.6625111,641.1737017,2570.039756,3942.603433,4565.086599,5151.210937,0
661.690277,653.4837876,2570.32776,3962.053158,4318.683133,4964.355476,0
650.7254571,622.8700674,2758.508503,4189.654471,4679.843968,4672.675614,0
667.6267461,663.8958167,2675.856944,4146.73178,4763.417573,4946.296815,0
601.8937867,577.6510947,2508.022213,4180.499601,4542.233679,5056.349891,0
645.683534,624.1313891,2627.714186,4167.531647,4737.14256,4943.205259,0
629.2279313,593.7517511,2573.650013,4111.304376,4687.305936,5075.857493,0
680.6189646,588.065643,2740.149958,4088.912617,4415.750784,4766.753733,0
645.320164,625.0839337,2662.171464,4003.543548,4445.715014,4992.470013,0
693.4078415,639.1262136,2677.927232,4121.61931,4486.321592,4817.289263,0
650.9375565,689.3066253,2635.236342,4091.23046,4529.681929,4887.642122,0
604.1232659,670.3303268,2701.45349,3960.098278,4307.293187,5034.216218,1
656.751176,648.1320701,2690.422117,4120.29906,4743.66329,4966.136307,0
612.0674601,657.0603388,2634.168154,4092.294706,4624.448064,4974.862776,0
605.8827639,583.5929895,2550.394473,4178.558822,4557.615495,4971.354462,0
666.7800225,562.2192138,2567.522041,3985.256763,4756.881863,4660.371096,0
624.8620409,651.4436131,2694.547198,4111.103056,4718.55164,5009.106992,0
601.943439,637.5619718,2776.263047,3927.503402,4577.280305,5151.561956,1
619.9452943,628.7979377,2538.021732,4124.618184,4457.334346,4631.021892,0
698.0395126,656.92407,2747.694997,4104.965946,4644.700901,4871.613117,1
618.8853702,623.952356,2667.86196,4148.484081,4401.434303,4869.422354,0
680.7811208,603.2656689,2664.32651,4115.231352,4401.256182,4950.629829,0
600.0089016,626.976547,2670.948704,3902.11101,4746.236227,5083.235524,0
677.516546,668.2203455,2612.088874,3945.693593,4476.130151,4951.568546,0
693.1936747,563.9981553,2721.633331,3916.580208,4678.579235,4824.442549,1
604.5004448,676.3044257,2549.413469,3934.522181,4435.780436,4720.070401,0
660.6089623,651.620006,2796.292677,4197.978226,4678.768171,4692.541725,0
695.4013745,611.6623561,2564.986985,4088.739024,4307.434518,4530.30985,0
618.0262134,580.0697641,2715.807269,4032.860268,4722.746315,4772.853071,0
683.7552199,662.2627979,2675.158313,3948.172079,4564.420093,4823.869633,0
637.9543847,563.984498,2577.743634,4000.750993,4487.556107,4602.381759,0
631.676988,592.1838109,2746.037087,4002.626897,4736.001073,4687.620642,0
677.5431767,641.3813492,2505.390652,4110.453434,4307.876153,4978.725186,0
687.7901636,614.7709101,2689.402875,4075.812223,4413.70562,5049.258276,0
628.7636296,688.6563404,2589.542541,4060.890956,4466.823742,4666.105774,0
654.5239226,566.1528435,2541.146595,3928.328244,4455.441809,5068.84547,0
651.3557685,679.9714631,2794.146162,3997.995793,4409.808437,4862.756619,1
635.3005851,678.9215717,2578.006196,4153.116309,4591.400777,5003.583874,0
634.3523777,551.3910877,2557.733943,4052.216335,4312.120919,4885.029007,0
627.6184101,654.4361814,2764.405844,3907.404421,4470.60323,4794.983974,0
608.0011159,561.9030714,2521.712875,4170.102302,4784.654149,4773.914871,0
631.3585105,632.997037,2737.614419,4139.494225,4731.62927,5058.573543,1
600.637641,687.9852045,2505.388672,3908.824944,4655.725958,4876.889931,0
652.4588581,625.3359896,2519.701749,3969.012187,4358.52016,5192.839743,0
607.0516491,559.0035484,2698.47313,4003.217331,4364.256674,4945.994965,0
674.648817,670.7900946,2580.708139,4030.193934,4500.903244,4925.699638,0
677.0087452,691.1685951,2539.439436,3976.716818,4489.155404,5195.614987,0
634.0951244,684.9328152,2571.244484,3966.000325,4795.5382,5165.773536,0
663.8216769,625.6196262,2607.435504,4130.535634,4692.181444,4520.242665,0
605.2441235,598.5128476,2739.905987,4089.06893,4791.398824,4610.774816,0
661.6676232,596.3075826,2525.523552,4163.048867,4595.350719,4712.186196,0
616.8070102,600.981513,2520.233834,4096.046956,4422.142787,5030.542763,0
629.9014204,612.8222642,2516.749658,3909.256896,4393.290192,4689.633954,0
606.6243292,600.0240539,2514.971672,3930.39255,4335.934888,5133.159112,0
631.1797812,638.7653384,2613.28754,4185.469151,4671.197589,5120.965354,0
659.8896156,653.4444795,2617.334951,3966.982105,4365.630014,4620.734827,0
693.8597901,555.172293,2763.867098,4056.698235,4704.123683,4813.305813,1
634.6538955,663.5726146,2608.063877,4066.982004,4744.360627,5088.114701,0
624.4027207,615.3427319,2748.565857,3945.810985,4678.976967,5113.555941,1
650.2123594,635.5400101,2755.444586,4195.392821,4695.106776,4745.478059,0
650.1904841,588.281842,2652.961494,3923.585956,4327.949636,4944.491507,0
661.6903378,562.2210199,2682.856209,4063.401192,4727.960818,4949.882684,0
627.1632826,566.0125992,2518.154028,4086.564902,4649.535025,4692.458021,0
642.1969293,604.8734051,2524.647616,3920.930936,4360.44481,4974.497098,0
621.8936238,585.5919903,2502.590386,4118.133372,4580.517093,4886.380826,0
674.2253576,673.6949854,2618.018413,3940.783095,4397.871605,5004.209433,
666.9634926,558.9774424,2615.283028,4047.370782,4687.080863,4603.467809,
648.5533906,560.7752362,2736.233082,4018.119634,4418.0807,4556.39736,
607.9004761,689.1142972,2561.414603,4186.974175,4469.871008,5171.976538,
634.3146069,559.5134256,2683.741976,4066.684016,4753.22501,4640.857734,
678.7693547,602.1578631,2791.645252,4150.815728,4655.902754,4650.429661,
601.5447658,581.506555,2660.940522,3932.537423,4726.880844,5137.595788,
633.3725254,620.371485,2500.869059,3993.272478,4542.611113,4683.515787,
668.3111846,686.677858,2671.150487,3979.583401,4764.235904,4544.971328,
662.6301672,692.2418066,2654.918014,4187.011082,4436.01063,4868.893025,
691.1192429,582.2027764,2748.03559,3941.498315,4518.87572,5112.697876,
670.4312298,624.5533274,2682.87906,3923.34852,4420.716348,4518.048909,
684.6476936,552.2294194,2665.124767,3935.901347,4593.974563,4935.547661,
674.7017697,596.4892136,2774.951233,4134.679792,4350.523387,4696.773186,
690.7505274,566.6630738,2736.945854,3930.683867,4683.971945,4963.438797,
677.309797,689.7972144,2553.065329,3906.126528,4716.81946,4831.235515,
610.864627,563.3581567,2534.538876,3950.391858,4786.255169,4700.202545,
659.9023902,677.8314232,2573.435354,4118.15052,4500.395354,4717.420395,
665.3799103,608.77378,2535.80081,4193.561448,4559.125897,4855.43806,
632.502188,579.5907623,2758.867863,3980.360488,4569.340416,4886.025889,
696.3256972,590.4363271,2579.715323,3992.996935,4578.648817,4764.732502,
624.576506,651.4268677,2578.388294,4188.445877,4548.788364,4799.440612,
656.7792073,641.9557689,2742.097976,4164.235025,4379.989154,4562.423848,
631.3134601,641.1029117,2613.621527,4177.662829,4328.506743,5195.811138,
666.6958072,642.572494,2544.365732,3908.698853,4586.235162,4520.987093,
671.1533976,582.1057516,2576.556091,4187.577901,4390.945279,5058.919614,
604.004265,596.3739049,2790.127736,3980.097059,4360.937781,4925.16446,
664.535244,681.1636943,2769.198758,3915.953267,4679.756608,5101.232775,
648.1723192,561.2644743,2527.216368,3960.064749,4689.143345,4785.095696,
682.7041645,572.1951952,2719.87443,3944.967524,4719.215172,4881.756864,
696.1168135,561.3242893,2780.150018,4007.827225,4333.465198,5176.153448,
664.9452905,613.0925233,2678.932218,4004.126531,4408.813311,4526.488908,
615.3425432,606.0073357,2763.044507,4032.344494,4618.884902,4771.464677,
683.719603,664.9475912,2537.675281,3927.798342,4630.159141,4764.369269,
610.7792347,643.5716445,2686.48017,4173.488231,4603.06588,4839.7419,
657.6740988,697.3151744,2655.570486,4004.610518,4791.437157,5194.407198,
689.6157435,661.2370514,2699.42099,4120.008809,4517.958157,4779.742522,
621.7891212,682.2444992,2782.620899,4184.686458,4353.221416,4540.582727,
616.3723956,629.1210881,2520.924428,3903.043725,4345.840013,4925.204511,
605.6085496,648.7150645,2672.745968,3922.150608,4420.784624,4745.836525,
612.6738676,660.9112959,2633.703947,3905.283485,4640.85414,5116.583159,
613.9821022,671.6280677,2575.857902,3907.315695,4565.361791,5154.398272,
676.9328504,610.7128468,2715.343278,4044.396787,4520.587896,5159.65258,
657.877839,667.541455,2714.442115,3942.649855,4646.459267,4775.554267,
612.7767835,646.1356596,2649.252545,3919.191755,4561.768587,4720.177894,
685.4891948,551.3522665,2560.775644,4164.181288,4409.02485,4722.382779,
634.3963688,670.0116096,2671.325339,4143.971537,4343.089803,4634.496241,
662.9501672,559.5795182,2722.888695,4081.019219,4699.222127,4612.416327,
673.7930806,663.5559278,2764.393328,4028.772611,4393.74139,4712.122093,
632.0757065,616.3010049,2608.56543,4087.680017,4769.413273,4700.832814,
624.4599449,688.1280923,2777.864974,3992.982369,4338.237679,5046.614575,
613.0745166,619.2222728,2632.050751,4081.500554,4363.510264,4919.330897,
613.2125676,567.3004881,2632.322004,3981.329825,4772.053464,4861.650115,
644.5291982,596.2882199,2640.879262,4133.83295,4384.406435,4515.715673,
670.872914,640.7724583,2624.104019,4174.43107,4538.590389,5141.355223,
649.6906772,689.1329707,2711.095296,4108.392726,4302.296802,4878.153512,
641.2970393,644.2194877,2663.060711,3964.799402,4576.052419,5103.924177,
600.4939322,568.7626237,2732.521213,3906.115906,4371.316389,4724.287501,
690.4750038,642.1233382,2504.769379,3993.418324,4396.386004,4692.827591,
602.6710248,674.5960242,2729.283467,4116.347155,4711.358686,5035.180718,
612.0566996,607.6497396,2508.376962,3900.391345,4303.498988,4617.448968,
615.0435728,627.3241001,2625.664753,4078.143784,4438.490456,4914.978945,
658.514026,568.2385495,2523.578085,3909.619874,4384.084202,4866.91983,
684.1368646,595.9618016,2557.348164,3919.535822,4773.005011,4671.336352,
662.5404183,581.0010254,2572.522931,4123.023779,4378.001908,5076.220596,
609.3985419,696.9696582,2695.966224,3985.23429,4733.616399,4521.097892,
676.0938378,684.4265455,2685.662395,4116.22365,4531.925003,5031.220497,
600.7141975,579.022878,2527.435532,3950.379777,4771.124056,5094.602555,
613.7283073,649.1088127,2511.546907,3944.448918,4392.382051,4951.753357,
685.6553283,678.0063556,2648.211422,4134.263234,4437.326907,5177.165819,
699.0529334,562.6673573,2598.938025,3980.48963,4407.961409,5036.915231,
636.505444,573.1025914,2549.506599,4168.009191,4772.894904,4862.227171,
601.8373397,612.8958735,2536.625545,4185.554356,4435.090174,5125.557261,
689.5191698,666.3298121,2772.646278,3905.004113,4779.644362,4552.676844,
628.5133463,623.2175705,2791.17152,4070.433986,4436.98517,4590.358352,
615.5192061,590.3217745,2630.166832,4018.771038,4512.623246,4930.072488,
644.6805398,551.8035006,2510.281268,4019.631134,4789.725041,4879.938238,
691.2387046,598.6238531,2587.154957,4163.692154,4689.572096,4776.088475,
688.2325967,613.8502712,2639.913395,4027.479355,4527.605021,4986.79719,
609.5578228,660.0190475,2539.005256,4048.958614,4429.829242,4914.166673,
622.7618178,693.2676567,2518.90285,3954.974148,4612.120994,4703.984043,
613.7187422,578.3400195,2786.985115,3988.983928,4418.601438,4962.110269,
600.4295968,561.7252702,2592.875309,3967.191212,4647.644699,4990.162327,
685.1815286,633.8589394,2671.099715,4059.276098,4729.443172,4812.442087,
638.3381236,639.3038099,2591.511992,3930.332334,4485.969684,4655.508718,
664.3226628,666.498434,2629.010216,4086.318458,4439.53733,4834.633446,
631.474159,674.0754856,2722.94838,3943.293357,4334.132547,4872.495577,
674.3955283,675.3600429,2716.198895,4166.286784,4381.426689,4640.867891,
688.1961532,619.2938403,2556.11495,4117.464677,4741.776319,5058.607876,
684.2972323,630.7069423,2562.876722,4059.133637,4721.651197,4650.738215,
671.6725877,679.4002476,2641.379299,4038.151209,4771.264107,4939.839812,
680.638662,610.2310308,2596.418304,4013.64182,4659.484744,4635.144831,
648.9986781,568.1156198,2541.975967,4184.158614,4615.471694,4807.058975,
670.7761623,629.4469566,2695.728077,4133.455282,4609.008939,4851.461153,
648.5372469,566.5224468,2774.964957,4029.785578,4513.499129,4520.500293,
651.0426361,694.5554304,2582.605084,4123.023432,4358.401274,5038.531363,
676.5719495,631.1149387,2550.795475,4179.036142,4404.104257,4513.832453,
660.1611188,641.10566,2640.65647,4078.894075,4661.729354,4785.677455,
659.7613852,613.856444,2536.552483,4004.985998,4573.372803,4588.969391,
608.1496582,593.4185758,2703.044868,4037.112665,4549.607543,4540.934771,
607.3606131,600.6815169,2600.821346,4195.4879,4675.831961,4952.571714,
688.2865343,626.7834902,2612.860844,4165.128644,4422.880911,4614.802294,
665.8603851,588.3427348,2547.280969,3982.981735,4449.354374,4504.133029,
622.8651996,650.5176688,2794.499681,3976.844634,4609.586327,5180.280641,
649.2171259,595.1540412,2679.129092,4063.014845,4364.885383,4886.553564,
614.9064184,588.7823327,2658.61357,4144.013009,4659.267121,4850.573519,
689.3981324,692.6075048,2638.706619,3986.279205,4763.183549,4847.42974,
687.7330049,581.9856888,2534.320384,3937.294658,4587.051507,4826.460561,
637.4038623,663.1922733,2636.680632,4111.808499,4764.753962,5074.325993,
603.9847501,694.9282958,2766.390478,4091.632138,4305.477049,5184.081086,
638.5528282,609.9488233,2653.086428,4065.489102,4779.446724,5098.781007,
647.6705429,681.6723314,2616.963353,3914.748755,4453.7174,4724.14677,
646.1295579,623.220038,2712.02241,4010.189111,4770.7197,4687.731266,
674.539555,686.3609971,2675.365763,4171.950989,4328.341536,4889.715548,
600.2961361,572.9734386,2622.247387,3970.033761,4567.656886,4718.124328,
670.8634397,638.0590817,2571.757372,3919.217676,4301.684597,4632.35099,
649.1203689,642.4703276,2536.832804,3939.909462,4457.090416,4561.498606,
640.8793333,592.3478658,2689.177115,3965.926624,4627.126879,4635.427892,
609.4600046,687.7540191,2667.471878,4025.292381,4355.223653,4886.921093,
611.1280571,585.4033684,2541.596237,3998.471999,4473.221051,5150.129683,
688.8316655,668.5066728,2522.3411,4025.939187,4498.362179,4789.05145,
697.3954146,585.6842744,2532.572917,4140.008732,4322.406289,5171.969421,
680.1644262,694.0893846,2729.724602,4082.469622,4794.520796,4893.789268,
649.5888053,587.9561931,2558.788363,4047.820359,4655.442138,5191.33308,
633.4619654,583.0247836,2603.584114,3927.481879,4615.800534,4764.731747,
688.7362939,613.9791172,2767.232202,3967.26887,4698.464781,5100.796871,
642.7096258,638.328952,2527.509847,3975.174869,4596.885704,4864.405557,
691.4054034,649.4939117,2649.895765,4090.440793,4343.180244,4528.565037,
675.1563774,598.5635076,2519.947195,4176.977071,4327.180275,4547.55981,
657.3534392,615.8797861,2508.210624,3914.909791,4419.276428,4589.110914,
663.0328815,621.4621256,2532.999158,4030.62951,4750.939253,4896.083814,
673.0643616,697.1440102,2676.46266,4050.948432,4565.796849,4924.40105,
676.4317086,640.0935964,2716.775748,4030.564484,4623.262315,4623.686811,
687.6476104,587.7535167,2606.945247,3991.003734,4783.879818,4634.604093,
609.7864423,654.0684895,2528.807344,3959.815913,4603.527485,4996.797669,
689.0527514,640.3962281,2758.736017,4102.787161,4692.499253,4875.653722,
600.4447436,579.7916702,2631.617406,4067.487376,4492.564747,4952.801036,
658.567411,664.9496537,2552.390415,4050.934402,4491.337468,5184.038783,
693.6083615,683.9105426,2633.058896,4125.457977,4754.701575,4761.322481,
611.6290624,628.7681521,2602.337541,4154.820848,4393.115773,4646.12149,
653.0430923,562.6427824,2572.230874,4090.365789,4355.537943,4925.141274,
688.9757592,623.6028506,2594.052318,4128.642116,4777.263183,4952.118646,
648.5319558,615.7272805,2555.914618,4032.940289,4544.0599,5102.792022,
671.6455874,643.0499011,2526.93209,3933.528441,4587.794642,4823.160225,
654.5449336,555.7018387,2673.785854,4088.693362,4540.96369,4612.368889,
675.437888,669.024393,2587.410777,4052.282491,4418.99622,4634.879236,
680.8697089,560.0009927,2558.758739,4192.434561,4587.545219,4908.249518,
695.0021651,565.0058808,2763.620144,4167.435185,4407.018388,4616.866749,
664.6125492,577.0515323,2534.965,4009.600214,4501.18754,4562.866922,
668.3768075,632.034137,2795.78763,3963.824872,4759.495266,4965.613161,
674.3478279,606.7686118,2642.430499,3931.878516,4741.892063,4811.572263,
666.8228338,659.2323704,2585.692988,4078.106024,4485.265122,5056.94634,
607.353449,698.9106447,2732.808813,3902.211137,4744.474209,5104.887482,
669.7593742,682.7488125,2639.693364,4011.467535,4341.510802,5198.05299,
686.9829859,550.0105391,2703.993017,4096.46402,4505.906521,4833.457859,
638.8271006,617.8085571,2508.027952,4027.585916,4352.902646,4530.177885,
655.6122208,641.6930569,2721.649676,3977.075783,4663.129469,4999.277053,
650.3764522,683.9154372,2733.815561,4048.458049,4680.753582,4966.931293,
697.811221,567.5606266,2760.796977,4070.356564,4360.075631,5179.230593,
683.9966644,559.347497,2583.421767,4022.888996,4613.404383,5143.372166,
641.5151691,656.7250241,2791.262426,4030.641607,4617.690972,5131.088534,
687.1583689,571.4073896,2560.179266,4086.2784,4687.514594,4672.76771,
636.945221,601.1646183,2636.916851,3951.247113,4672.802982,4568.584543,
689.0269413,562.314125,2734.456795,4154.60335,4525.43869,4923.727687,
635.4470041,663.8643185,2676.832257,4083.470987,4721.585326,4819.891533,
688.2789713,624.0358975,2686.855195,4068.649531,4660.830438,4882.738935,
678.4441413,616.9528924,2773.57239,3925.976115,4799.468678,5009.306765,
655.8406673,571.4236198,2751.291079,4117.574203,4508.689845,4691.21948,
631.4707579,637.254406,2706.80748,4159.16029,4405.429363,4854.726133,
642.5049739,585.9550122,2727.256975,4137.573572,4492.939946,4722.638061,
648.0925151,591.7758877,2547.410853,4018.622404,4442.728024,4670.13545,
664.2519657,693.5385604,2555.900659,4172.855074,4584.370222,4635.461531,
670.4238441,647.7369186,2599.569078,4056.470601,4312.381719,4515.591045,
679.8524335,566.1718388,2706.642113,4132.507707,4695.746971,4996.628327,
694.6537898,594.7029707,2798.746333,4066.334179,4628.044244,5161.744151,
622.463723,697.2277146,2551.186476,4182.318055,4778.480009,4622.51031,
605.4309814,590.2312674,2663.802913,4132.555944,4601.879713,4721.267338,
643.335256,676.4168627,2687.839817,3981.764415,4557.267211,5121.880353,
617.429594,673.0102487,2554.357564,3929.179102,4315.657403,4507.123101,
696.744686,683.2056316,2514.90561,4101.062079,4788.310663,4654.186286,
608.40586,603.8297405,2719.954954,4080.643267,4525.685405,5138.962552,
600.3177265,626.5119589,2543.338276,4051.394969,4584.107357,4949.519156,
620.6933823,601.0280736,2598.242278,4084.489458,4595.594868,4981.546872,
616.6437807,647.8341211,2730.591299,4018.729911,4498.132081,4984.484159,
623.7672996,692.3324068,2540.725706,4053.454645,4320.715379,4718.686713,
632.1770065,692.2483447,2562.20237,4046.802765,4522.337635,5074.593856,
601.7480215,668.2773063,2662.237056,3913.64293,4556.925222,4811.936749,
649.136493,648.9834231,2651.611072,4122.557912,4771.924822,5059.527572,
643.7726417,563.5469103,2780.070411,4013.51289,4679.461165,5062.655388,
680.423628,639.3690371,2597.496095,4124.504376,4538.235894,4860.913426,
648.0094642,613.6025261,2552.805274,3984.166979,4738.835623,5111.698835,
648.9586701,640.9422446,2715.306193,3942.00705,4591.526766,4636.500039,
606.3337718,559.5852507,2781.959841,4056.055314,4375.058008,4952.614591,
658.3782159,596.8500657,2701.643245,4019.116863,4409.757881,4668.574546,
638.6375845,555.0251881,2604.016834,4065.612605,4579.22002,4546.770329,
658.1939747,621.3786565,2698.580547,4135.829275,4395.013905,5173.05599,
653.5061343,687.1776266,2693.699184,3946.040822,4326.091001,4510.535545,
619.6362583,629.1568428,2544.301583,3921.940109,4577.419524,5186.897907,
616.2861126,573.4897247,2549.101187,3923.546883,4659.200367,4812.385704,
651.0119254,640.7715399,2764.921433,3936.574665,4445.127629,4543.639434,
614.3533097,560.1948037,2555.525989,4130.603208,4748.838559,4862.79021,
684.4631942,584.3134864,2628.511914,4010.487343,4648.023913,5161.066478,
621.7886251,662.9505695,2655.95155,4128.022355,4740.434752,4666.23472,
693.9693628,554.0728019,2668.454274,4167.135686,4383.495583,4797.669941,
632.6896111,635.1386442,2748.096147,4017.504455,4610.675396,5175.60636,
682.8470631,672.0103397,2786.528364,3954.935919,4635.214158,5014.917547,
681.9551375,652.1527012,2599.017636,3910.407663,4360.094486,4698.599445,
683.8235975,685.2028996,2634.984167,4196.560903,4316.894394,5101.615294,
652.8556842,696.3187926,2763.166453,3948.400525,4476.687635,4540.604771,
644.4116035,616.1640383,2598.01016,4174.319494,4547.278159,4997.166182,
666.4641357,674.7672126,2577.410603,4130.772432,4505.283656,4538.95972,
687.064908,695.8450469,2535.092859,4052.493903,4677.783063,4576.990658,
603.3863535,616.1646513,2538.935069,4191.480736,4770.076629,5153.183753,
698.3758271,653.9553705,2710.742645,4011.393655,4332.052971,4810.416229,
654.2987352,631.0243111,2735.885211,4080.422819,4773.506777,4941.852919,
687.8837483,568.4029453,2744.064467,4193.281306,4415.62159,5138.915408,
667.6367762,658.7598979,2705.736873,4139.015672,4564.813492,5028.247379,
650.3554191,686.0560506,2537.083071,4155.667565,4387.522867,5034.916186,
645.9332366,640.9095523,2609.211858,4020.583521,4665.037326,5168.589814,
687.8798807,641.4597696,2790.329728,4090.241444,4688.63226,5128.952687,
622.656559,565.189995,2748.477739,4027.340996,4663.548078,5155.723654,
629.6532426,596.8300237,2664.908903,4065.774488,4620.20023,4917.654387,
616.1174638,612.6862671,2610.716622,3924.079388,4418.153937,5196.037851,
690.9303861,668.6180309,2540.543877,4065.101757,4326.919174,4973.587447,
682.2280589,686.7103153,2544.161514,3991.458618,4689.935894,4841.059894,
654.9174168,681.7324898,2796.487278,3905.745688,4475.661886,4874.252773,
674.7817765,695.5019762,2708.542928,3981.980543,4775.568977,5135.3695,
645.7424512,659.975655,2667.47202,4198.168314,4494.650167,5117.178223,
689.3269565,607.8999752,2718.265231,4173.794903,4752.063537,4557.016641,
603.3341558,635.8614168,2502.787065,3959.498517,4310.340071,5054.589881,
619.0829413,692.8123951,2731.067884,4144.97206,4513.025053,4710.152711,
668.0290474,678.7773504,2761.537882,4169.118745,4721.793381,4839.605857,
648.854051,559.8000935,2637.094311,4078.666591,4355.041733,4740.648982,
626.4065147,637.027051,2630.617325,4024.530055,4327.106503,4681.786933,
624.4178041,656.3642626,2697.65522,3935.754402,4364.609567,4554.578034,
673.5240089,633.4224992,2750.311357,3931.83734,4428.280745,4537.886817,
665.6553902,591.6154873,2712.73909,3939.088656,4561.998637,4532.12308,
610.1305688,620.3402635,2713.193909,4080.403922,4402.458488,4933.150569,
669.9150113,597.2243005,2741.436594,3953.406729,4420.65286,4916.310978,
686.8232914,672.800256,2677.02524,3900.686352,4772.266022,5054.733831,
639.9328429,681.0174247,2702.318898,3972.709682,4384.222362,5102.787361,
632.6641002,598.7727541,2620.052026,4129.051836,4382.033894,4981.803244,
664.3316619,673.2030289,2613.564079,3933.570198,4729.741637,4999.228174,
657.5010315,661.1706838,2726.101219,4066.526433,4700.45613,4969.242188,
653.5107481,652.8889175,2786.555152,4088.325687,4709.565998,4632.275733,
675.147543,583.2370749,2624.934944,4137.262079,4499.980932,4531.576474,
620.1045342,556.4294254,2691.74896,3975.527586,4509.941975,4620.285367,
688.4455866,601.1521165,2561.537075,4138.61606,4312.234992,4527.845681,
652.9818636,690.0050553,2680.664382,4080.353018,4621.933109,5145.351403,
621.9257237,682.7356577,2514.646595,4143.611922,4316.295896,4790.529728,
659.4666557,579.5192921,2738.827364,3963.296465,4387.206759,4929.689245,
694.1056449,649.234742,2564.469513,4174.07694,4490.098375,4524.487599,
622.7345099,686.0329807,2760.69642,4074.740601,4580.393135,4500.762042,
612.6862113,582.1961451,2748.045889,4016.284285,4459.037735,4683.244975,
629.6523983,614.2267065,2557.721895,4070.243502,4628.832858,4979.905608,
635.3740391,693.5185789,2573.121573,4124.481514,4495.113766,5091.329643,
637.198398,656.140898,2603.696588,4163.147372,4675.263958,4804.097734,
640.0660698,605.9406774,2632.975089,4014.092221,4336.356221,4808.19654,
660.6526773,595.7176242,2621.993127,3930.303542,4538.440071,4704.687239,
601.6282554,682.6623571,2563.093194,4105.093289,4377.195151,5182.021111,
650.266235,683.711229,2717.947325,4049.153894,4603.607123,4744.502168,
652.6214561,669.5372776,2582.102778,3987.805079,4474.075943,5113.181008,
609.331915,581.002061,2590.827729,4005.456718,4663.373751,5120.427691,
605.192619,561.7838772,2504.345817,3958.002038,4313.14464,4828.136095,
624.3382619,687.9875299,2714.750092,4046.59372,4339.037129,4871.046277,
666.6050369,641.1568926,2625.865445,3933.239294,4708.30722,4674.513206,
650.9178399,670.6199008,2652.949009,3990.810001,4730.963311,4540.176023,
673.0756828,685.131954,2639.213011,4040.809191,4376.907065,5173.256444,
687.6254676,623.2943916,2622.12296,3937.972894,4762.71264,4503.906786,
618.6388406,598.6091547,2515.055982,3943.361057,4664.684718,4837.595723,
633.8064749,585.515057,2635.258962,3955.635297,4462.127406,4684.780038,
683.0077174,654.454007,2600.061218,4074.069748,4443.919102,4684.779463,
625.9901265,651.5620053,2655.947965,3923.02612,4327.922628,4681.109824,
643.9927419,592.6433675,2703.630355,4184.873864,4686.977545,4945.297306,
675.358147,662.0224907,2675.809346,4131.916901,4496.244129,4923.703083,
624.7432874,593.5303295,2505.799779,4004.192901,4370.897876,4788.074296,
615.306835,674.351337,2721.759859,3929.661092,4710.316544,4658.978126,
610.6941348,649.416394,2786.372832,4144.369338,4611.626392,4729.788125,
627.7368002,615.1565288,2605.088663,4163.327757,4303.077247,4987.514463,
633.8063107,595.7475505,2694.43021,4176.343883,4746.536891,5198.025529,
607.2883891,569.4427936,2794.470469,3927.072687,4643.079329,5150.275361,
614.1816371,682.6623481,2505.928588,4002.805769,4419.153044,5189.194801,
684.6597902,669.1767395,2770.08342,4134.031416,4718.255386,4724.765285,
674.2745576,649.6741427,2586.755107,4001.21167,4754.31853,4522.575686,
669.6357728,581.3154724,2747.244807,3965.469679,4349.821151,4933.654072,
610.3814783,669.8592705,2770.877536,3993.753854,4440.794583,4504.747359,
649.5871666,698.2723365,2721.382225,3993.215945,4600.20375,5047.175879,
611.1533125,636.8993934,2761.111366,4106.932875,4421.485125,4739.905576,
654.5439788,560.1359039,2623.13452,3971.253419,4544.486778,5064.246612,
637.7847952,627.6967217,2528.379367,4172.728558,4403.815297,4767.445166,
666.0280265,663.7559953,2551.920824,4055.213928,4797.669056,4995.326585,
608.0567301,556.4962145,2647.346669,4033.978932,4543.399283,4616.123785,
636.0656505,682.1082913,2723.305654,4025.031315,4753.677404,4566.014812,
618.1326261,691.9880848,2530.254717,4016.411421,4444.612431,4551.160803,
619.4608005,612.6227847,2587.877968,4110.641554,4419.856589,5171.637834,
630.5462202,573.2373187,2666.652526,4137.163107,4521.936147,5197.073105,
643.6586698,595.6661759,2573.953102,4188.247575,4411.440479,4776.926427,
622.4524553,590.5037004,2625.532444,4199.320794,4755.515202,4885.298822,
659.6335816,561.8717859,2672.990811,4169.451694,4531.655284,4778.877499,
610.4461115,647.8354583,2797.510002,4103.421845,4514.238797,4958.360925,
658.8745529,661.7582365,2692.261086,4051.102856,4769.020738,4923.740506,
663.8923748,655.3986121,2758.284727,4013.898725,4656.061442,4866.464305,
636.3489439,615.201381,2706.279286,3968.055344,4789.501802,5182.969657,
628.9513801,600.7649979,2798.9334,4136.691158,4697.460774,4942.658212,
681.1450786,617.2139876,2749.184066,3937.998994,4556.634064,5001.151877,
624.8146353,629.7850488,2614.662905,4140.528373,4635.430386,5188.001429,
693.6821329,636.4408531,2524.055856,4024.147453,4390.422512,5196.941831,
652.0386194,682.7924043,2694.475456,4039.876077,4347.640439,5177.47456,
662.0111409,573.4004735,2619.510119,4164.751484,4569.50696,4880.573248,
644.245252,577.561793,2574.769239,3985.533466,4564.754755,4891.886162,
641.5145682,685.8520483,2591.542956,4094.930904,4444.390973,4678.676015,
635.818311,670.8876268,2661.677967,4077.019084,4415.570871,4571.362375,
664.4644489,697.020809,2530.516726,3956.359838,4304.692679,5086.812384,
648.1342369,620.2795713,2772.564858,4025.144246,4572.069003,4989.306203,
607.9050256,626.4123799,2646.06949,4156.764085,4607.202385,4582.190677,
660.6872939,574.6269719,2619.707658,4059.707204,4737.605513,4961.326952,
678.762579,568.9037506,2657.492252,4169.84393,4354.542206,4944.199907,
608.0846011,611.68483,2713.79017,3930.126719,4704.973408,4946.466505,
689.8068922,643.2731789,2624.382246,4094.267435,4544.634458,4565.628718,
663.7323076,692.5392278,2642.912931,4080.841498,4595.741342,4657.683218,
666.8433067,573.4827578,2732.275423,3963.915813,4384.561788,5008.026933,
625.6189214,574.4149947,2687.733111,3975.224244,4431.489053,5090.749684,
639.7420827,565.6867946,2558.15629,4008.921125,4737.267139,4919.839158,
625.8113256,603.7641455,2766.262022,4170.159177,4523.976077,4688.196019,
655.3815498,576.8271401,2757.910676,3969.592862,4384.052634,4518.706008,
632.2430878,633.2746828,2747.358587,4141.274262,4312.204109,4760.053877,
649.1869875,619.9078362,2512.51414,4085.100548,4589.01646,4709.166192,
643.5666045,570.4949549,2589.916231,4128.412431,4317.651265,4688.650007,
699.6268511,617.0418851,2545.835462,4165.868455,4315.69019,4581.224457,
625.0855043,663.9512418,2769.492888,3967.026146,4636.649566,5073.150066,
694.8929805,681.1472991,2618.120891,4181.088695,4518.447859,4613.765751,
630.9820869,652.1664134,2780.216495,4184.216769,4599.541553,5164.211898,
640.401826,556.1548666,2588.147662,3909.581846,4732.256484,4802.78247,
609.2808541,570.668754,2572.59136,3966.902713,4733.870024,5034.923693,
634.4714492,607.717027,2678.45956,4060.536219,4466.777862,5098.277803,
626.5644014,690.0910269,2616.950237,4104.919623,4437.504896,4519.570412,
694.0613153,630.095549,2701.351989,4082.260497,4675.436632,5186.92548,
672.7669652,678.5981773,2797.552852,4127.83812,4373.020512,4728.413679,
602.8786105,654.1826447,2787.627077,4118.714127,4668.377103,4622.227443,
635.5409547,636.1974172,2637.983582,4150.117438,4707.722003,4726.766221,
646.1684496,651.0938827,2678.567942,3940.316189,4309.745896,4587.575917,
622.3276033,617.3706237,2660.359466,4197.116995,4658.673593,5186.040236,
605.3737798,645.5311279,2788.11457,3980.97693,4774.70373,5131.563982,
619.4648419,660.0927277,2552.458368,3931.542315,4457.056334,4744.135962,
639.896227,592.5876182,2594.173574,4115.483939,4772.323364,4561.452141,
627.95344,639.423877,2748.530376,4134.645761,4578.619365,4525.393473,
666.9371774,677.3482748,2519.639371,4008.229689,4429.025624,4802.817576,
630.6070908,694.9882895,2538.979885,3965.230847,4746.696891,4935.194272,
639.8162377,603.4134069,2693.971928,4119.927368,4665.850547,5170.722876,
604.5954453,613.6541757,2502.705237,4111.141556,4690.446184,4895.388165,
602.3295236,551.1345876,2796.69065,3960.494146,4711.669114,4752.665188,
646.1252981,566.506757,2734.378496,4036.033068,4448.551225,4750.880264,
648.2436039,614.6837225,2709.646766,4102.519946,4303.435496,4555.292806,
646.062662,666.6304422,2745.029191,4089.416413,4482.438055,5121.248697,
625.0926827,559.9178552,2718.145354,4130.03926,4749.162853,5036.777807,
694.6883449,630.3599844,2787.934234,4193.456499,4561.050097,5091.752066,
689.8026507,689.6843086,2637.291889,4127.74847,4769.397926,5067.490498,
693.0391955,617.0435949,2750.16582,4196.334337,4484.819715,4619.536889,
682.3165411,638.0585908,2788.483489,4046.738796,4426.76139,4974.756889,
691.4491782,642.5612185,2596.749622,4047.153579,4503.727671,4558.757737,
659.1959524,681.8523218,2665.992358,3989.841321,4748.504158,5056.014414,
677.5812455,639.8452445,2667.166307,3989.91229,4573.828627,5194.280881,
648.341297,652.7160544,2644.005049,4123.956232,4405.711215,4673.940709,
609.783908,656.3005652,2756.723776,4136.710275,4671.421275,4573.165481,
652.0874909,676.9948698,2753.083945,4013.324189,4436.047681,4587.712747,
669.1352539,633.2696746,2502.54227,4024.809542,4519.559103,5049.052452,
682.9997491,638.4409658,2542.622211,4077.994015,4663.0964,4799.866251,
621.0792056,589.8076403,2797.955127,4044.226911,4713.875066,4922.266786,
681.7841681,693.3320756,2695.113458,4088.294204,4623.281666,4543.49319,
693.8196646,684.8074656,2708.457749,3993.121851,4471.772803,4553.36061,
651.9836941,641.3165982,2718.147988,3900.02218,4384.883134,4824.303717,
636.1852151,692.8098422,2779.658008,4187.420598,4403.26921,4611.790514,
657.1760567,638.9378787,2709.583225,3991.744039,4496.925671,4735.820078,
612.8993041,563.0404534,2664.683005,3995.319974,4796.373788,5006.495677,
657.210139,657.5840757,2792.967768,4028.097167,4756.506886,5128.117878,
683.5228567,557.1937257,2607.784171,3988.726169,4614.562809,4595.328661,
637.4045801,679.7172547,2575.082078,3908.851674,4799.724486,4923.599873,
624.4195122,615.7292907,2720.52807,4067.396728,4519.169695,4922.479235,
618.0998814,671.3179209,2745.717529,4046.170715,4677.525199,4783.060773,
672.5676304,573.101287,2652.721984,4100.410678,4376.287826,4543.88721,
633.7114883,616.8915971,2727.29454,3939.160074,4750.755918,4654.236768,
637.8550737,613.4133833,2791.80586,3953.104813,4741.138255,4885.880145,
632.1491908,684.9768402,2662.633516,4038.866777,4703.987464,4752.572769,
697.100298,633.3275987,2730.945911,4104.036306,4402.599776,5084.236053,
686.546703,556.2281174,2684.257908,3981.984069,4673.353459,4841.510363,
679.2375494,628.6694344,2679.253458,3966.009059,4482.009628,4708.069421,
685.1616919,696.0534392,2687.086481,4167.683758,4790.451354,4952.885373,
679.8818508,610.7311666,2644.709329,3919.167708,4701.464265,4745.749699,
684.927245,698.7710825,2645.297186,4006.909379,4327.185543,5139.853942,
670.4968741,615.7125407,2790.432708,4117.146251,4628.401654,4860.340112,
687.7056257,559.0261241,2641.443294,3993.304972,4397.346536,4605.734677,
690.1420405,560.5987443,2787.516315,4109.966922,4306.004832,4503.41628,
685.3291398,620.0931662,2751.015598,3966.187442,4702.980251,4674.005609,
699.8272612,690.6846443,2666.186906,4173.809227,4617.744968,5046.067013,
656.7218177,578.76425,2771.874499,4054.456925,4799.488156,4764.130066,
620.6111978,659.4920054,2594.030702,3935.274278,4744.302796,4985.186029,
693.9900142,612.5750976,2744.731255,4141.452806,4480.202139,5139.6699,
628.8315833,574.7502793,2636.758753,3972.845195,4300.961026,4930.740014,
666.1227861,649.0504642,2704.142552,4155.194902,4318.657234,4976.542637,
657.1137601,653.5322163,2768.669933,3980.058688,4334.277304,4719.521024,
678.9179516,624.7509735,2631.109822,3950.52171,4432.281338,4978.717108,
681.6637407,655.8281485,2672.961668,4198.218748,4530.596635,4845.347275,
627.3959687,648.265433,2622.117128,3989.988941,4602.717786,5053.82129,
697.0893568,666.0075741,2679.994513,4034.72059,4376.736385,4647.863102,
670.0349041,693.4273279,2690.640599,4167.381348,4408.142507,4978.480594,
631.5058619,553.807987,2746.074711,4029.80061,4344.353306,5154.558794,
639.0776816,638.189747,2571.950782,4096.069501,4483.266242,4836.874953,
640.1685564,600.0696316,2580.275611,4130.352889,4420.190959,5172.894013,
692.3551261,591.137037,2566.983694,3975.637069,4423.49671,4667.703464,
642.8250961,673.888883,2685.155872,3958.162321,4704.040724,5189.943936,
614.8602448,677.9546212,2571.580585,4025.082165,4461.199951,4803.827047,
632.7423712,564.8453174,2701.35232,3914.807609,4400.497943,4849.395849,
627.5419318,612.9405884,2679.097865,3914.743473,4743.339715,5100.809417,
608.506155,576.612516,2504.019556,4076.995631,4653.930997,5031.245792,
621.3971294,694.9250903,2645.316692,3918.74043,4389.229599,4736.784368,
688.0482195,556.4080822,2606.622225,4092.221797,4713.941854,4531.23611,
679.0825634,557.6725992,2588.927754,3981.642714,4756.726906,4923.826967,
650.2217451,660.4900673,2533.636951,4165.346965,4564.775338,4503.845745,
616.2867914,589.3489079,2511.660949,4104.619341,4314.098232,4849.964445,
648.0694935,591.7793277,2677.147514,3986.224784,4759.973159,4504.244691,
656.4530378,605.3038482,2611.408227,3906.358296,4643.625321,4888.194621,
676.5435791,668.7008439,2573.968258,3959.941995,4483.469529,5003.700417,
612.5364821,614.4841354,2504.906046,3921.306047,4655.153051,5062.063475,
691.0196622,686.8185543,2688.860853,3939.448138,4331.068254,5044.280678,
674.2149511,643.889385,2718.729003,3960.904308,4697.497403,5182.199819,
642.014416,586.8580885,2644.036603,4100.691727,4726.187894,5161.725834,
612.8732263,654.496788,2524.025244,3931.068795,4365.599182,4860.538779,
648.1781084,616.8825104,2739.453071,4058.681474,4634.421865,4838.336311,
633.2687005,588.820248,2792.110813,3979.308088,4694.970425,4847.948245,
632.0785265,642.4424183,2502.068245,3918.880096,4760.012484,5134.314586,
683.1537125,687.051201,2703.747295,4133.117579,4646.833973,4639.199529,
645.2388267,668.3330123,2500.577364,4066.673279,4516.624147,4540.891162,
644.1959849,675.9390518,2685.477003,4122.478217,4767.818701,4727.71701,
674.5991444,680.9347336,2629.985773,4056.467899,4626.32963,4828.30802,
618.329932,583.9003282,2623.586627,3904.587512,4675.335205,4543.486392,
643.1684368,631.416904,2683.044565,4030.870252,4340.534279,4698.770067,
607.3226804,659.4966327,2603.912531,4095.661581,4540.878726,4767.815547,
632.688584,565.4559876,2611.123714,4013.232462,4540.89916,5056.933694,
669.1393696,677.4685148,2653.684758,4156.510023,4532.720773,4685.394018,
662.9484214,634.4101178,2662.34694,4017.993432,4510.231186,4595.985384,
629.2177878,551.098482,2779.810367,4082.777562,4745.922847,4794.577388,
640.0181344,633.0901177,2678.877831,4051.883646,4593.604814,4592.97518,
676.1597983,647.6715245,2605.32696,3993.778913,4437.125263,4604.671516,
633.4345677,674.9551076,2570.072728,3920.772289,4547.363585,4585.50594,
640.2621265,563.6821317,2716.164424,4002.702873,4583.152443,4958.15866,
665.2501154,655.1285065,2590.331346,3925.639144,4616.717853,4686.504231,
689.4251779,595.0403456,2714.517078,3999.105694,4482.43663,4914.643679,
690.5185468,589.6793258,2784.947764,4121.618694,4302.230574,5095.515732,
669.5572188,634.3648184,2601.314834,3999.839804,4338.661394,4820.810652,
665.7190066,635.7930768,2620.632593,4180.410351,4480.267116,5163.399806,
603.0123579,616.1645001,2710.212745,4110.897845,4555.083277,4928.570721,
674.6368944,670.2153416,2601.017494,4069.227902,4727.633035,4912.411022,
650.8241197,678.014575,2705.139503,3931.901477,4550.978415,4513.416666,
644.2609383,686.0763147,2513.400887,4183.557241,4390.19018,4758.935702,
620.5239082,564.3378767,2629.82228,3983.268282,4350.429105,4849.244318,
623.9034074,602.4401997,2667.478687,4064.420073,4510.636965,4769.849766,
638.0663779,592.1092544,2553.973715,3938.185207,4307.845112,5027.161579,
650.4955188,658.316536,2728.330242,3980.684664,4396.810991,4544.904153,
642.5374317,655.3220484,2793.196194,4065.47482,4321.903388,4907.50414,
627.8375735,631.3291374,2632.996268,3935.161629,4489.97061,5035.38302,
691.8368292,653.9048583,2791.187273,3937.84949,4623.206943,4770.794969,
656.2344591,579.7525875,2618.177895,4002.072678,4478.238885,4761.127923,
611.5364231,625.1814637,2745.073846,4003.052098,4549.268098,4582.616788,
657.5516673,627.3196369,2606.583004,4159.004679,4472.007491,4819.816967,
623.8088912,665.674462,2582.021357,4057.500634,4565.556729,5111.368931,
693.7613034,557.307622,2793.653474,4089.697759,4336.316906,4648.276808,
635.9887223,614.002192,2727.443612,4174.72523,4614.870075,5169.136379,
675.5118437,628.9166759,2755.033299,4144.809277,4366.065235,5032.506918,
661.7232468,609.6470828,2752.381595,3911.495912,4348.102964,5163.671565,
639.6015615,629.8393147,2771.092744,4002.010572,4631.947822,5009.152746,
622.3013601,633.3181048,2636.569801,4083.079361,4571.995019,4862.849437,
628.6047747,681.8524245,2780.962911,4141.862785,4784.542464,4866.964446,
611.2868935,647.5351658,2557.26579,4157.080751,4771.426536,4572.41283,
629.6438947,669.8551046,2632.514428,4047.756168,4314.758086,4900.85037,
657.2462166,661.2537053,2522.981669,4136.14994,4396.747497,4871.649393,
692.4129781,697.9084697,2792.588019,3991.430657,4676.819204,4644.448581,
686.1380713,648.6766245,2530.661727,4074.139441,4781.74414,5091.410854,
675.3106899,655.4574718,2573.987095,3911.982449,4531.05659,4582.161668,
616.1619975,612.963376,2699.834606,4191.946318,4439.825218,4871.975076,
693.0692658,574.9993609,2736.77492,3930.889604,4741.811348,4865.566329,
697.4126416,663.4156292,2716.771022,3900.780356,4402.806864,4682.258432,
607.9954703,660.29916,2746.795203,4003.017191,4368.06905,4966.122599,
683.0441139,651.0431305,2541.837729,4013.648065,4639.181471,4861.147565,
697.8055375,590.1587048,2760.07315,4012.126461,4368.315171,4557.884082,
673.8823687,605.8101707,2614.15489,3990.652129,4447.262703,4681.869496,
646.3475015,698.1778411,2615.522764,4182.970262,4383.500599,5147.502841,
675.4337368,678.4899155,2680.715955,3932.210046,4527.736129,4958.212797,
605.7533121,553.1894315,2586.940522,4179.443649,4557.009679,5112.708901,
637.8099512,682.6767279,2660.432161,4167.780821,4351.381713,4648.432083,
670.160574,604.2026244,2500.418714,4015.292502,4460.071456,4775.341768,
618.1251223,581.4065082,2678.11739,4078.339907,4386.235141,5153.101097,
605.6216769,580.2586213,2652.475619,4127.764458,4373.026046,5151.75109,
642.1948065,558.4748106,2702.260132,3983.94262,4690.043522,5173.988851,
668.8244837,624.763384,2529.709738,3986.325374,4569.056141,4507.931036,
628.2843485,638.4356936,2551.614434,3951.02945,4638.171397,4898.716102,
655.1670501,695.1161477,2688.526571,3997.364915,4560.507845,5105.455673,
699.4108235,675.7732345,2604.219144,4124.822964,4769.706416,4967.657287,
648.1202717,592.9244616,2678.546742,4000.922143,4779.775284,4809.452515,
696.1996208,651.4575431,2711.823351,4187.307826,4769.938469,5083.630274,
615.5241321,674.5648262,2639.242097,3989.606528,4561.65266,5082.141305,
653.9132353,588.974779,2606.211528,3956.021441,4475.328367,4632.802975,
683.5690938,607.6226433,2502.849917,3992.707409,4718.373617,4696.935775,
678.1343312,629.7271374,2546.174355,4057.576105,4441.619894,5000.40628,
673.4389285,617.4453765,2554.62323,3940.662128,4436.385807,4944.950455,
680.6187918,650.1815984,2585.976744,3942.732469,4422.937618,4984.327909,
607.1746844,624.7991313,2795.799333,4171.470194,4587.603849,5036.562092,
674.6767448,654.299711,2703.195175,3984.719948,4590.93399,4933.210604,
681.4239917,552.3980591,2564.305781,4196.360208,4708.668627,4942.457198,
668.2147447,671.2325234,2583.898641,4099.49078,4314.662056,4881.066108,
652.8970246,680.9746417,2556.282491,4179.438172,4788.176138,4731.843099,
662.3709234,629.0591078,2637.724456,4007.569688,4467.134776,4558.236675,
639.0401868,585.9015919,2645.881597,4110.028081,4368.635166,5078.527137,
693.005322,674.309576,2645.485829,4097.930779,4528.200541,4792.923438,
603.4296262,689.0271319,2513.014017,4042.81803,4492.873867,4873.840834,
699.8168271,685.3711282,2504.42665,4134.154479,4542.644725,4773.153835,
682.3090105,681.1626317,2799.506808,3958.698177,4734.984459,4715.244133,
641.1236453,672.4510298,2610.476424,4027.864628,4345.608405,4967.248727,
673.1308161,595.1227615,2601.399163,4120.296708,4792.72831,4989.13971,
608.9931813,620.610629,2690.608866,4057.580807,4370.669718,4692.860837,
698.7102734,669.2497462,2780.000473,4004.511768,4404.566741,4976.25586,
635.5423793,615.7559719,2772.633454,4150.076988,4495.691908,5013.78537,
629.0660035,593.8204967,2589.038883,3907.452726,4758.920907,4980.221086,
623.4277855,624.602896,2737.174465,4014.069785,4409.291706,5005.865694,
677.2832557,653.9923983,2685.902438,4128.690912,4555.740148,4730.583827,
600.1344062,637.0966075,2551.551421,3958.472166,4375.160754,4853.793808,
601.7386925,620.6811929,2513.823248,4032.679575,4381.779597,4900.469969,
681.8320323,562.8012971,2569.850828,3973.81381,4475.967107,4786.358864,
611.4243115,611.0822157,2702.779212,4062.907182,4478.564808,4963.114911,
667.870279,569.7340275,2631.885883,4181.158673,4585.11193,4904.347504,
676.460237,587.0427503,2708.156628,3988.458874,4585.350265,4944.362916,
639.8891197,587.3325534,2780.599714,4034.67057,4565.892009,4944.386985,
666.8120361,615.8519783,2551.896809,4108.315272,4762.463105,4759.424161,
663.8787885,683.451863,2644.8827,4088.945361,4532.508747,4576.421002,
611.3116378,566.1838463,2633.719287,4181.653511,4616.906989,5150.768544,
606.2876256,596.0408367,2784.929349,3903.109314,4383.913854,5028.690714,
683.3821732,640.8790655,2655.375151,4182.857281,4670.603198,4990.755207,
674.4718149,681.073866,2789.236179,4194.575072,4759.316414,4698.436257,
605.8625575,673.149182,2553.856671,3910.479382,4685.663357,4878.368284,
633.1539956,636.7324909,2756.352227,4092.712525,4510.051766,4882.13902,
618.2297728,585.4411341,2561.6241,3977.905894,4771.316203,4949.09925,
682.9063367,608.314329,2550.523665,4122.035322,4736.397925,4748.867483,
617.8828671,699.4635412,2787.738268,3946.798871,4764.467833,4797.201931,
622.3083945,570.4592639,2578.052696,4063.339615,4341.104196,4918.689119,
602.9186178,618.2363347,2599.749605,4183.101849,4451.55091,4799.757036,
666.103376,607.1632018,2540.851183,3928.987987,4452.580821,5076.718555,
662.7252866,580.8899146,2794.055637,4031.332284,4717.597887,4877.426314,
602.5126933,551.0236419,2735.825872,4034.217857,4444.368725,5104.226185,
665.6228495,592.7040449,2693.369867,3979.074354,4387.389332,4758.03365,
653.7542223,688.9610736,2724.736219,3944.320646,4301.443873,4588.909726,
691.6921352,650.8182561,2534.136942,4188.068248,4359.69156,4844.690987,
636.1313402,620.5000736,2517.633931,3999.00351,4432.260239,4672.142366,
694.7676359,554.8662992,2771.84519,4010.549311,4631.270187,5167.537241,
609.4128457,652.7973433,2623.732145,3933.536617,4545.917532,4823.086669,
687.7058141,649.0358766,2583.389452,4097.150465,4622.707475,5128.056621,
688.2336562,600.2758639,2628.100579,4141.129497,4761.547102,5106.706688,
649.9650273,637.6724567,2777.4271,3949.835069,4487.180069,4681.585622,
683.0480917,560.526503,2584.309083,4066.513451,4609.48344,4786.850961,
625.8428445,612.511924,2614.616662,3928.90024,4365.64211,4926.928789,
665.6193732,676.1492969,2649.945363,3992.159424,4384.881961,4534.135775,
622.5817131,605.0456627,2670.353915,4070.914622,4689.388239,4913.169084,
611.0663463,646.1016915,2521.605798,4009.753739,4443.651532,5019.006671,
606.6987431,663.5748933,2572.21391,3969.272951,4305.994191,4592.732238,
620.9386548,582.1274075,2771.738311,3983.33175,4348.550995,5047.975069,
666.7520945,641.9008823,2603.137726,4107.101667,4416.779485,4715.620599,
635.7300705,582.5046899,2703.184001,4120.804414,4305.009285,4749.14002,
623.9954583,689.1413097,2728.896045,4013.816131,4642.978138,4989.210871,
659.0398235,694.3083303,2734.403696,4061.528244,4347.069126,5120.20608,
625.7495133,619.5260299,2599.239481,4127.032016,4701.424668,5062.182384,
687.663686,563.1211101,2700.374087,4050.726592,4467.78102,4911.993029,
635.1932587,581.007648,2578.646364,3929.594791,4375.031595,4724.713541,
659.4389455,573.0607093,2518.78768,3902.334669,4687.130064,4977.431513,
612.0503155,657.8880099,2548.556231,3936.048045,4640.576053,4601.378659,
605.7827752,570.2413004,2504.434132,3956.735145,4335.431059,4526.501825,
630.7870208,627.3603319,2618.053222,4198.558654,4519.79999,4606.007753,
677.8050529,661.1760195,2526.293117,4041.127713,4446.414805,4784.795407,
643.0237248,680.689321,2712.175041,3904.289199,4312.291854,4665.895973,
659.8265436,688.929723,2600.324047,4032.909882,4349.569028,5000.605844,
672.1638407,667.3706429,2782.61353,3914.270543,4700.175194,4826.751884,
627.913985,556.7081623,2736.265291,4169.737158,4687.84195,5086.215165,
634.4420706,578.6788906,2613.531677,3976.900152,4310.73162,4705.295149,
624.0422778,580.3883513,2604.466234,4061.144879,4362.157136,4634.916817,
648.8619539,611.0515606,2720.475653,3989.971476,4703.568071,5139.565162,
676.5108041,600.1317544,2715.80138,3910.077949,4607.811948,4578.529406,
605.0602158,558.2815374,2507.865879,4186.630675,4562.606902,5029.377811,
658.9818318,660.8358451,2595.8251,4154.43895,4546.823411,4580.384695,
681.2272382,650.024374,2614.534925,4115.642689,4509.313947,4539.152897,
658.4999661,594.8241585,2622.868774,4075.826912,4457.810782,4603.150913,
699.1529275,566.1239866,2600.27705,3911.387688,4761.203299,4761.199237,
698.9160721,631.5184047,2668.994955,3956.369586,4407.747814,4839.714827,
621.9500737,690.5308823,2583.287391,4185.931062,4707.466255,4744.719163,
602.1606045,601.1519565,2615.319344,3927.986888,4784.626388,4633.03147,
616.4620464,626.0547165,2652.471482,3915.443445,4483.50585,4909.358066,
699.4750592,615.2697659,2708.799337,3904.942649,4376.270048,5129.677197,
604.6376301,554.3990484,2672.333347,4002.12125,4409.650384,5132.793738,
668.3087842,605.7472221,2620.335351,3961.491081,4418.849597,5119.052452,
692.1243056,667.2473293,2572.574736,4075.078891,4400.927845,4588.947438,
668.7669321,686.6108517,2725.282021,4146.872671,4412.560426,4770.722413,
641.8688452,690.3678493,2531.666455,4059.386782,4610.595829,4696.239227,
619.7762635,611.2580366,2608.781372,3948.570418,4746.762742,4808.333457,
667.031002,581.5640109,2641.343869,3914.974152,4547.965759,4688.804836,
668.4174308,662.1993429,2617.492411,4067.648114,4666.122807,4928.135221,
